objectid;nom_site;adresse;code_site;arrondissement;geo_shape;lat;lon
11;MAISON DES ASSOCIATIONS DU 03;2, RUE EUGENE SPULLER;PARIS-WIFI_0303;75003;"{""type"": ""Point"", ""coordinates"": [2.362232617607729, 48.86407366061126]}";48,86407366;2,362232618
23;HOTEL DE VILLE (2E ETAGE);4, PLACE DE L'HOTEL DE VILLE;PARIS_WIFI_0409;75004;"{""type"": ""Point"", ""coordinates"": [2.352774826515343, 48.856849760890654]}";48,85684976;2,352774827
27;HOTEL DE VILLE (SOUS-SOL ET RDC);4, PLACE DE L'HOTEL DE VILLE;PARIS_WIFI_0413;75004;"{""type"": ""Point"", ""coordinates"": [2.352924086663919, 48.85662241805264]}";48,85662242;2,352924087
29;MAISON DE VICTOR HUGO (HOTEL DE ROHAN - GUEMENEE);6, PLACE DES VO10ES;PARIS_WIFI_0415;75004;"{""type"": ""Point"", ""coordinates"": [2.366113779351594, 48.854818573955065]}";48,85481857;2,366113779
30;MAISON DES ASSOCIATIONS DU 04;38, BOULEVARD HENRI IV;PARIS_WIFI_0416;75004;"{""type"": ""Point"", ""coordinates"": [2.366416990184537, 48.85219499458265]}";48,85219499;2,36641699
35;SQUARE JEAN XXIII;RUE DU CLOITRE NOTRE DAME;PARIS_WIFI_0421;75004;"{""type"": ""Point"", ""coordinates"": [2.351606662535604, 48.85202658237664]}";48,85202658;2,351606663
45;BIBLIOTHEQUE MOHAMMED ARKOUN - EX : MOUFFETARD;74, RUE MOUFFETARD;PARIS_WIFI_0504;75005;"{""type"": ""Point"", ""coordinates"": [2.349655223632121, 48.84249074764757]}";48,84249075;2,349655224
46;BIBLIOTHEQUE PORT ROYAL;88 TER, BOULEVARD DE PORT ROYAL;PARIS_WIFI_0505;75005;"{""type"": ""Point"", ""coordinates"": [2.338846324612675, 48.83923878025884]}";48,83923878;2,338846325
49;MAISON DES ASSOCIATIONS DU 05;4, RUE DES ARENES;PARIS_WIFI_0509;75005;"{""type"": ""Point"", ""coordinates"": [2.354212281119752, 48.84510688598606]}";48,84510689;2,354212281
50;SQUARE DES ARENES DE LUTECE;RUE MONGE;PARIS_WIFI_0510;75005;"{""type"": ""Point"", ""coordinates"": [2.353227824325323, 48.84545855986536]}";48,84545856;2,353227824
51;SQUARE PAUL LANGEVIN;RUE DES ECOLES;PARIS_WIFI_0511;75005;"{""type"": ""Point"", ""coordinates"": [2.350360672763171, 48.847943173024106]}";48,84794317;2,350360673
70;BIBLIOTHEQUE EUROPE (MAIRIE DU 8E);3, RUE DE LISBONNE;PARIS_WIFI_0802;75008;"{""type"": ""Point"", ""coordinates"": [2.317484081769469, 48.87776448898433]}";48,87776449;2,317484082
71;CENTRE D'ANIMATION ESPACE BEAUJON;208, RUE DU FAUBOURG SAINT HONORE;PARIS_WIFI_0803;75008;"{""type"": ""Point"", ""coordinates"": [2.304608355096973, 48.875361398114826]}";48,8753614;2,304608355
73;MAIRIE  08;3, RUE DE LISBONNE;PARIS_WIFI_0805;75008;"{""type"": ""Point"", ""coordinates"": [2.317650842450353, 48.87777080776416]}";48,87777081;2,317650842
75;MUSEE CERNUSCHI;7, AVENUE VELASQUEZ;PARIS_WIFI_0807;75008;"{""type"": ""Point"", ""coordinates"": [2.312362802778454, 48.879709402527524]}";48,8797094;2,312362803
88;SQUARE MONTHOLON;RUE LA FAYETTE;PARIS_WIFI_0908;75009;"{""type"": ""Point"", ""coordinates"": [2.346727804989883, 48.87716543245961]}";48,87716543;2,346727805
91;BIBLIOTHEQUE CHATEAU D'EAU;72, RUE DU FAUBOURG SAINT MARTIN;PARIS_WIFI_1001;75010;"{""type"": ""Point"", ""coordinates"": [2.35747939352296, 48.87198632296065]}";48,87198632;2,357479394
104;PLACE DE LA REPUBLIQUE EST;PLACE DE LA REPUBLIQUE;PARIS_WIFI-1014;75010;"{""type"": ""Point"", ""coordinates"": [2.364532357969546, 48.86714354650786]}";48,86714355;2,364532358
116;PROMENADE RICHARD LENOIR;67, BOULEVARD RICHARD LENOIR;PARIS_WIFI_1110;75011;"{""type"": ""Point"", ""coordinates"": [2.371965556192567, 48.859187870465114]}";48,85918787;2,371965556
118;SQUARE CHARONNE;159, RUE DE CHARONNE;PARIS_WIFI_1112;75011;"{""type"": ""Point"", ""coordinates"": [2.389537068856354, 48.85653437930169]}";48,85653438;2,389537069
123;ACTIVITES ARTISANALES ET CREATION;30, RUE DU FAUBOURG SAINT ANTOINE;PARIS_WIFI_1201;75012;"{""type"": ""Point"", ""coordinates"": [2.371757060332373, 48.85238585519887]}";48,85238586;2,37175706
146;ECOLE DU BREUIL;ROUTE DE LA FERME;PARIS_WIFI_1225;75012;"{""type"": ""Point"", ""coordinates"": [2.459716037487984, 48.82414199112698]}";48,82414199;2,459716037
147;PARC FLORAL;Avenue des Minimes;PARIS_WIFI_1226;75012;"{""type"": ""Point"", ""coordinates"": [2.442404644060765, 48.838020888900196]}";48,83802089;2,442404644
149;BIBLIOTHEQUE ITALIE;211, BOULEVARD VINCENT AURIOL;PARIS_WIFI_1302;75013;"{""type"": ""Point"", ""coordinates"": [2.357068895746005, 48.830919616345376]}";48,83091962;2,357068896
154;Centre Sportif Georges Carpentier Gymnase Annexe;81, BOULEVARD MASSENA;PARIS_WIFI_1307;75013;"{""type"": ""Point"", ""coordinates"": [2.36824852956735, 48.820600553931804]}";48,82060055;2,36824853
158;JARDIN DE LA MONTGOLFIERE (ex MOULINET VANDREZANN);RUE DU MOULINET;PARIS_WIFI_1311;75013;"{""type"": ""Point"", ""coordinates"": [2.354051965235468, 48.82708735646411]}";48,82708736;2,354051965
161;JARDIN MICHELET;237, RUE DE TOLBIAC;PARIS_WIFI_1314;75013;"{""type"": ""Point"", ""coordinates"": [2.343275708773383, 48.826005031790416]}";48,82600503;2,343275709
170;SQUARE DE LA RAFFINERIE SAY;BOULEVARD VINCENT AURIOL;PARIS_WIFI_1323;75013;"{""type"": ""Point"", ""coordinates"": [2.360820093629506, 48.831930982076045]}";48,83193098;2,360820094
175;SQUARE HELOISE ET ABELARD;22, RUE PIERRE GOURDAULT;PARIS_WIFI_1328;75013;"{""type"": ""Point"", ""coordinates"": [2.369617801195923, 48.83116090172131]}";48,8311609;2,369617801
179;STADE CHARLETY;99 BOULEVARD KELLERMANN;PARIS_WIFI_1332;75013;"{""type"": ""Point"", ""coordinates"": [2.345703402700616, 48.818991525017005]}";48,81899153;2,345703403
187;JARDIN JULES NOEL;3, AVENUE MAURICE D'OCAGNE;PARIS_WIFI_1407;75014;"{""type"": ""Point"", ""coordinates"": [2.314724532752332, 48.824294428460405]}";48,82429443;2,314724533
188;JARDIN PORTE DE CHATILLON;16-26, RUE DE CHATILLON;PARIS_WIFI_1408;75014;"{""type"": ""Point"", ""coordinates"": [2.322546139346144, 48.82795457520279]}";48,82795458;2,322546139
191;PARC MONTSOURIS;2, RUE GAZAN;PARIS_WIFI_1411;75014;"{""type"": ""Point"", ""coordinates"": [2.336452517695331, 48.824067926585286]}";48,82406793;2,336452518
192;PARC MONTSOURIS;2, RUE GAZAN;PARIS_WIFI_1412;75014;"{""type"": ""Point"", ""coordinates"": [2.339750525259541, 48.82376930486854]}";48,8237693;2,339750525
202;BIBLIOTHEQUE VAUGIRARD;154, RUE LECOURBE;PARIS_WIFI_1503;75015;"{""type"": ""Point"", ""coordinates"": [2.299332187518333, 48.8417043875888]}";48,84170439;2,299332188
205;CENTRE ANIMATION ESPACE CEVENNES;9, RUE DE LA MONTAGNE D'AULAS;PARIS_WIFI_1506;75015;"{""type"": ""Point"", ""coordinates"": [2.2789082545070958, 48.84031683777133]}";48,84031684;2,278908255
206;CENTRE SPORTIF SUZANNE LENGLEN  (TRIBUNE COUR DE TENNIS);2, RUE LOUIS ARMAND;PARIS_WIFI_1507;75015;"{""type"": ""Point"", ""coordinates"": [2.268608057263295, 48.83078751182213]}";48,83078751;2,268608057
210;JARDIN NICOLE DE HAUTECLOCQUE;28, RUE EDGAR FAURE;PARIS_WIFI_1511;75015;"{""type"": ""Point"", ""coordinates"": [2.295037777033956, 48.851972743705815]}";48,85197274;2,295037777
214;MUSEE ANTOINE BOURDELLE;16, RUE ANTOINE BOURDELLE;PARIS_WIFI_1515;75015;"{""type"": ""Point"", ""coordinates"": [2.318824302076685, 48.843016416274466]}";48,84301642;2,318824302
222;SQUARE SAINT LAMBERT;RUE DU DOCTEUR JACQUEMAIRE;PARIS_WIFI_1524;75015;"{""type"": ""Point"", ""coordinates"": [2.295963266211608, 48.84248585866842]}";48,84248586;2,295963266
224;SQUARE VIOLET;PLACE VIOLET;PARIS_WIFI_1526;75015;"{""type"": ""Point"", ""coordinates"": [2.288999166023091, 48.84398554090061]}";48,84398554;2,288999166
227;JARDIN DU RANELAGH;CHAUSSEE DE LA MUETTE;PARIS_WIFI_1603;75016;"{""type"": ""Point"", ""coordinates"": [2.271348427202927, 48.85854576028772]}";48,85854576;2,271348427
230;JARDIN PORTE DE SAINT CLOUD;20, AVENUE FERDINAND BUISSON;PARIS_WIFI_1606;75016;"{""type"": ""Point"", ""coordinates"": [2.254158179206998, 48.83702984385546]}";48,83702984;2,254158179
233;MAISON DES ASSOCIATIONS DU 16;16, AVENUE RENE BOYLESVE;PARIS_WIFI_1609;75016;"{""type"": ""Point"", ""coordinates"": [2.28417155183336, 48.85653453107328]}";48,85653453;2,284171552
235;PARC DE PASSY;AVENUE DU PRESIDENT KENNEDY;PARIS_WIFI_1611;75016;"{""type"": ""Point"", ""coordinates"": [2.283380660086784, 48.85614763657777]}";48,85614764;2,28338066
238;JARDIN D'ACCLIMATATION;BOIS DE BOULOGNE;PARIS_WIFI_1615;75016;"{""type"": ""Point"", ""coordinates"": [2.264853165394095, 48.878339708766]}";48,87833971;2,264853165
242;BIBLIOTHEQUE ROSTAND;11, RUE NICOLAS CHUQUET;PARIS_WIFI_1703;75017;"{""type"": ""Point"", ""coordinates"": [2.303261094836099, 48.8885022914527]}";48,88850229;2,303261095
244;JARDIN DE LA PROMENADE PEREIRE;211, BOULEVARD PEREIRE;PARIS_WIFI_1705;75017;"{""type"": ""Point"", ""coordinates"": [2.291001953711711, 48.88150917341817]}";48,88150917;2,291001954
252;SQUARE DU CARDINAL PETIT DE JULLEVILLE;2, RUE GUSTAVE CHARPENTIER;PARIS_WIFI_1713;75017;"{""type"": ""Point"", ""coordinates"": [2.282162558570457, 48.88246734037603]}";48,88246734;2,282162559
253;SQUARE ERNEST CHAUSSON;55, AVENUE DE CLICHY;PARIS_WIFI_1714;75017;"{""type"": ""Point"", ""coordinates"": [2.325154150688233, 48.887360548589086]}";48,88736055;2,325154151
258;JARDIN D EOLE;18 BIS RUE DU DEPARTEMENT;PARIS_WIFI_1805;75018;"{""type"": ""Point"", ""coordinates"": [2.365558738087352, 48.887133326192405]}";48,88713333;2,365558738
268;BIBLIOTHEQUE VACLAV HAVEL;26 ESPLANADE NATHALIE SARRAUTE;PARIS_WIFI_1815;75018;"{""type"": ""Point"", ""coordinates"": [2.362900232076396, 48.88900698223251]}";48,88900698;2,362900232
270;BIBLIOTHEQUE BENJAMIN RABIER;141, AVENUE DE FLANDRE;PARIS_WIFI_1902;75019;"{""type"": ""Point"", ""coordinates"": [2.379103859328853, 48.89275838727382]}";48,89275839;2,379103859
272;BIBLIOTHEQUE FESSART;6, RUE FESSART;PARIS_WIFI_1904;75019;"{""type"": ""Point"", ""coordinates"": [2.388165252324333, 48.876266177023005]}";48,87626618;2,388165252
276;CENTRE D'ANIMATION ANGELE MERCIER;133, BOULEVARD SERURIER;PARIS_WIFI_1908;75019;"{""type"": ""Point"", ""coordinates"": [2.394482457204167, 48.884160453367166]}";48,88416045;2,394482457
280;MAISON DU DEVELOPPEMENT ECONOMIQUE DU 19;27, RUE DU MAROC;PARIS_WIFI_1912;75019;"{""type"": ""Point"", ""coordinates"": [2.367749475321573, 48.887005931622966]}";48,88700593;2,367749475
281;PARC DE LA BUTTE DU CHAPEAU ROUGE;5, RUE ALPHONSE AULARD;PARIS_WIFI_1913;75019;"{""type"": ""Point"", ""coordinates"": [2.399681099595484, 48.88071908262578]}";48,88071908;2,3996811
284;PARC DES BUTTES CHAUMONT (BOLIVAR);1, RUE BOTZARIS;PARIS_WIFI_1916;75019;"{""type"": ""Point"", ""coordinates"": [2.380511979393556, 48.87664510410141]}";48,8766451;2,380511979
285;PARC DES BUTTES CHAUMONT (CARREL);4, PLACE ARMAND CARREL;PARIS_WIFI_1917;75019;"{""type"": ""Point"", ""coordinates"": [2.382157970066665, 48.882058409908524]}";48,88205841;2,38215797
287;SOLARIUM EDOUARD PAILLERON;39, RUE EDOUARD PAILLERON;PARIS_WIFI_1919;75019;"{""type"": ""Point"", ""coordinates"": [2.377486168768832, 48.8807564883101]}";48,88075649;2,377486169
294;BIBLIOTHEQUE OSCAR WILDE (EX : SAINT FARGEAU);12, RUE DU TELEGRAPHE;PARIS_WIFI_2004;75020;"{""type"": ""Point"", ""coordinates"": [2.3997805483933, 48.87206110131366]}";48,8720611;2,399780548
303;MAIRIE 20;6, PLACE GAMBETTA;PARIS_WIFI_2013;75020;"{""type"": ""Point"", ""coordinates"": [2.398978685905535, 48.865088642344055]}";48,86508864;2,398978686
312;SQUARE DE LA SALAMANDRE;RUE SAINT BLAISE;PARIS_WIFI_2022;75020;"{""type"": ""Point"", ""coordinates"": [2.406051969449195, 48.85770721706527]}";48,85770722;2,406051969
313;SQUARE EDOUARD VAILLANT;RUE BELGRAND;PARIS_WIFI_2023;75020;"{""type"": ""Point"", ""coordinates"": [2.400251600459831, 48.865116479843564]}";48,86511648;2,4002516
315;SQUARE PIXERECOURT;RUE PIXERECOURT;PARIS_WIFI_2025;75020;"{""type"": ""Point"", ""coordinates"": [2.396239739728868, 48.873254491104106]}";48,87325449;2,39623974
316;SQUARE SAMUEL CHAMPLAIN;9, AVENUE GAMBETTA;PARIS_WIFI_2026;75020;"{""type"": ""Point"", ""coordinates"": [2.389759384270906, 48.8630960238976]}";48,86309602;2,389759384
2;MAIRIE  01 - BIBLIOTHEQUE LOUVRE;4, PLACE DU LOUVRE;PARIS_WIFI_0105;75001;"{""type"": ""Point"", ""coordinates"": [2.341114732459848, 48.86010786537879]}";48,86010787;2,341114732
3;CENTRE D'ANIMATION LES HALLES LE MARAIS;6, PLACE CARREE;PARIS_WIFI_0103;75001;"{""type"": ""Point"", ""coordinates"": [2.347236342037948, 48.861919872369874]}";48,86191987;2,347236342
10;MAIRIE  03;2, RUE EUGENE SPULLER;PARIS-WIFI_0302;75003;"{""type"": ""Point"", ""coordinates"": [2.36151323872912, 48.86398927335011]}";48,86398927;2,361513239
13;MUSEE CARNAVALET;23, RUE DE SEVIGNE;PARIS-WIFI_0305;75003;"{""type"": ""Point"", ""coordinates"": [2.36283100832983, 48.85705387711304]}";48,85705388;2,362831008
14;SQUARE EMILE CHAUTEMPS;RUE SAINT MARTIN;PARIS-WIFI_0306;75003;"{""type"": ""Point"", ""coordinates"": [2.353995987667433, 48.86734640060441]}";48,8673464;2,353995988
15;SQUARE GEORGES CAIN;14, RUE PAYENNE;PARIS-WIFI_0307;75003;"{""type"": ""Point"", ""coordinates"": [2.363064567331712, 48.8581334655744]}";48,85813347;2,363064567
20;BIBLIOTHEQUE HISTORIQUE DE LA VILLE DE PARIS;24, RUE PAVEE;PARIS_WIFI_0404;75004;"{""type"": ""Point"", ""coordinates"": [2.361648935644519, 48.85704643762089]}";48,85704644;2,361648936
34;SQUARE DE L'HOTEL DE VILLE;QUAI DE L'HOTEL DE VILLE;PARIS_WIFI_0420;75004;"{""type"": ""Point"", ""coordinates"": [2.352832183534358, 48.8549201253407]}";48,85492013;2,352832184
41;SQUARE THEODORE MONOD (EX : SCIPION);8, RUE SCIPION;PARIS_WIFI_0514;75005;"{""type"": ""Point"", ""coordinates"": [2.35391002939157, 48.83867130095008]}";48,8386713;2,353910029
47;JARDIN TINO ROSSI;8 QUAI SAINT BERNARD;PARIS_WIFI_0507;75005;"{""type"": ""Point"", ""coordinates"": [2.359132146681016, 48.84831847624935]}";48,84831848;2,359132147
48;MAIRIE  05;21, PLACE DU PANTHEON;PARIS_WIFI_0508;75005;"{""type"": ""Point"", ""coordinates"": [2.34456235470046, 48.84618889140702]}";48,84618889;2,344562355
52;SQUARE RENE VIVIANI;RUE LAGRANGE;PARIS_WIFI_0512;75005;"{""type"": ""Point"", ""coordinates"": [2.347732229101465, 48.85199336732023]}";48,85199337;2,347732229
57;SQUARE OZANAM;BOULEVARD DU MONTPARNASSE;PARIS_WIFI_0605;75006;"{""type"": ""Point"", ""coordinates"": [2.327507787820889, 48.84340962788521]}";48,84340963;2,327507788
65;PARC CHAMPS DE MARS;7 ALLEE CHARLES BOURGEOIS;PARIS_WIFI_0707;75007;"{""type"": ""Point"", ""coordinates"": [2.293515115115051, 48.85705252968377]}";48,85705253;2,293515115
77;PARC MONCEAU (ENTREE PARC);1, PLACE DE LA REPUBLIQUE DOMINICAINE;PARIS_WIFI_0809;75008;"{""type"": ""Point"", ""coordinates"": [2.3091659695299143, 48.87995173781822]}";48,87995174;2,30916597
79;PROMENADE DES CHAMPS ELYSEES (KIOSQUE A MUSIQUE);AVENUE EDOUARD TUCK;PARIS_WIFI_0811;75008;"{""type"": ""Point"", ""coordinates"": [2.317973428132236, 48.86583823697005]}";48,86583824;2,317973428
80;SQUARE LOUIS XVI;RUE PASQUIER;PARIS_WIFI_0812;75008;"{""type"": ""Point"", ""coordinates"": [2.32278856935256, 48.873919291293284]}";48,87391929;2,322788569
82;BIBLIOTHEQUE CHAPTAL;26, RUE CHAPTAL;PARIS_WIFI_0902;75009;"{""type"": ""Point"", ""coordinates"": [2.332212829639514, 48.881118440543204]}";48,88111844;2,33221283
84;BIBLIOTHEQUE VALEYRE;24, RUE DE ROCHECHOUART;PARIS_WIFI_0904;75009;"{""type"": ""Point"", ""coordinates"": [2.34500284180905, 48.87796435679423]}";48,87796436;2,345002842
85;MAIRIE  09;6, RUE DROUOT;PARIS_WIFI_0905;75009;"{""type"": ""Point"", ""coordinates"": [2.340437361708291, 48.87260466084016]}";48,87260466;2,340437362
86;MAISON DES ASSOCIATIONS DU 09;54, RUE PIGALLE;PARIS_WIFI_0906;75009;"{""type"": ""Point"", ""coordinates"": [2.335917995450873, 48.88097516204873]}";48,88097516;2,335917995
98;MAISON DES ASSOCIATIONS DU 10;206, QUAI DE VALMY;PARIS_WIFI_1008;75010;"{""type"": ""Point"", ""coordinates"": [2.368701201002033, 48.88178135771705]}";48,88178136;2,368701201
103;PLACE DE LA REPUBLIQUE OUEST;PLACE DE LA REPUBLIQUE;PARIS_WIFI_1013;75010;"{""type"": ""Point"", ""coordinates"": [2.3632611471754412, 48.867915519208765]}";48,86791552;2,363261147
107;ANTENNE JEUNE ORILLON;43, RUE DE L'ORILLON;PARIS_WIFI_1101;75011;"{""type"": ""Point"", ""coordinates"": [2.377306738780861, 48.87054787306857]}";48,87054787;2,377306739
113;JARDIN LOUIS MAJORELLE;24, RUE DE LA FORGE ROYALE;PARIS_WIFI_1107;75011;"{""type"": ""Point"", ""coordinates"": [2.3810300590349582, 48.85197245449524]}";48,85197245;2,381030059
117;SQUARE BREGUET SABIN;25, BOULEVARD RICHARD LENOIR;PARIS_WIFI_1111;75011;"{""type"": ""Point"", ""coordinates"": [2.370963738133975, 48.857223616101834]}";48,85722362;2,370963738
132;ESPACE REUILLY;21, RUE HENARD;PARIS_WIFI_1211;75012;"{""type"": ""Point"", ""coordinates"": [2.389557177297855, 48.84259519746065]}";48,8425952;2,389557177
136;MAIRIE  12;130, AVENUE DAUMESNIL;PARIS_WIFI_1215;75012;"{""type"": ""Point"", ""coordinates"": [2.388318659830759, 48.841101571922536]}";48,84110157;2,38831866
139;PARC DE BERCY (JARDINAGE);1, COUR CHAMONARD;PARIS_WIFI_1218;75012;"{""type"": ""Point"", ""coordinates"": [2.382142958211784, 48.83559263766623]}";48,83559264;2,382142958
140;PARC DE BERCY (ORANGERIE);1, COUR CHAMONARD;PARIS_WIFI_1219;75012;"{""type"": ""Point"", ""coordinates"": [2.383244887413641, 48.83561716813782]}";48,83561717;2,383244887
141;PARC DE BERCY (TERRASSE BERCY);1, COUR CHAMONARD;PARIS_WIFI_1220;75012;"{""type"": ""Point"", ""coordinates"": [2.382216462686325, 48.83453761066351]}";48,83453761;2,382216463
150;BIBLIOTHEQUE JEAN PIERRE MELVILLE;77, RUE NATIONALE;PARIS_WIFI_1303;75013;"{""type"": ""Point"", ""coordinates"": [2.366432632167355, 48.82692441888442]}";48,82692442;2,366432632
151;CENTRE D'ACCUEIL KELLERMANN;17, BOULEVARD KELLERMANN;PARIS_WIFI_1304;75013;"{""type"": ""Point"", ""coordinates"": [2.356650364325668, 48.819741417211226]}";48,81974142;2,356650364
153;Centre Sportif Georges Carpentier Grande Halle;81, BOULEVARD MASSENA;PARIS_WIFI_1306;75013;"{""type"": ""Point"", ""coordinates"": [2.367686332122479, 48.820012166710505]}";48,82001217;2,367686332
162;MAIRIE  13;1, PLACE D'ITALIE;PARIS_WIFI_1315;75013;"{""type"": ""Point"", ""coordinates"": [2.355558388425021, 48.8322884894918]}";48,83228849;2,355558388
164;MAISON DES ASSOCIATIONS DU 13;13, RUE CAILLAUX;PARIS_WIFI_1317;75013;"{""type"": ""Point"", ""coordinates"": [2.361373876851423, 48.822688865732694]}";48,82268887;2,361373877
167;PARC DE CHOISY;160, AVENUE DE CHOISY;PARIS_WIFI_1320;75013;"{""type"": ""Point"", ""coordinates"": [2.361035106054083, 48.82832299823303]}";48,828323;2,361035106
168;PARC KELLERMANN;3, RUE DE LA POTERNE DES PEUPLIERS;PARIS_WIFI_1321;75013;"{""type"": ""Point"", ""coordinates"": [2.35380188239024, 48.81848820127253]}";48,8184882;2,353801882
169;SOLARIUM JOSEPHINE BAKER;PORTE DE LA GARE;PARIS_WIFI_1322;75013;"{""type"": ""Point"", ""coordinates"": [2.375880422982522, 48.83602386977702]}";48,83602387;2,375880423
172;SQUARE GANDON;211, BOULEVARD MASSENA;PARIS_WIFI_1325;75013;"{""type"": ""Point"", ""coordinates"": [2.362482783964654, 48.82045456876293]}";48,82045457;2,362482784
173;SQUARE GEORGES DUHAMEL;RUE JEAN ANOUILH;PARIS_WIFI_1326;75013;"{""type"": ""Point"", ""coordinates"": [2.377741922908203, 48.83199265909073]}";48,83199266;2,377741923
174;SQUARE GUSTAVE MESUREUR;105, RUE JEANNE D ARC;PARIS_WIFI_1327;75013;"{""type"": ""Point"", ""coordinates"": [2.36253450180826, 48.833753641899385]}";48,83375364;2,362534502
180;STADE CHARLETY;99 BOULEVARD KELLERMANN;PARIS_WIFI_1333;75013;"{""type"": ""Point"", ""coordinates"": [2.345508716928517, 48.81830299686434]}";48,818303;2,345508717
189;MAIRIE  14;2, PLACE FERDINAND BRUNOT;PARIS_WIFI_1409;75014;"{""type"": ""Point"", ""coordinates"": [2.326836044095824, 48.83299437047757]}";48,83299437;2,326836044
194;SQUARE ASPIRANT DUNAND;RUE MOUTON DUVERNET;PARIS_WIFI_1414;75014;"{""type"": ""Point"", ""coordinates"": [2.325862401052461, 48.83186225803826]}";48,83186226;2,325862401
196;SQUARE DU CHANOINE VIOLLET;72, RUE DU MOULIN VERT;PARIS_WIFI_1416;75014;"{""type"": ""Point"", ""coordinates"": [2.320694084877863, 48.83116518915988]}";48,83116519;2,320694085
208;CENTRE SPORTIF SUZANNE LENGLEN (STADE DE RUDBY);2, RUE LOUIS ARMAND;PARIS_WIFI_1509;75015;"{""type"": ""Point"", ""coordinates"": [2.270252786453891, 48.83038671812223]}";48,83038672;2,270252786
209;JARDIN ATLANTIQUE;5, PLACE DES CINQ MARTYRS DU LYCÌÄ‰Û¡E BUFFON;PARIS_WIFI_1510;75015;"{""type"": ""Point"", ""coordinates"": [2.319325553021533, 48.84032953706638]}";48,84032954;2,319325553
216;PARC ANDRE CITROEN - ORANGERIE;5, RUE DE LA MONTAGNE DE LA FAGE;PARIS_WIFI_1518;75015;"{""type"": ""Point"", ""coordinates"": [2.276409545795725, 48.840048744229335]}";48,84004874;2,276409546
232;MAISON DE BALZAC;47, RUE RAYNOUARD;PARIS_WIFI_1608;75016;"{""type"": ""Point"", ""coordinates"": [2.280829426602678, 48.85535288499915]}";48,85535289;2,280829427
247;PARC MARTIN LUTHER KING (CLICHY - BATIGNOLLES);147 RUE CARDINET;PARIS_WIFI_1708;75017;"{""type"": ""Point"", ""coordinates"": [2.313986827220722, 48.891528268625386]}";48,89152827;2,313986827
255;BIBLIOTHEQUE GOUTTE D'OR;2, RUE FLEURY;PARIS_WIFI_1802;75018;"{""type"": ""Point"", ""coordinates"": [2.354148602094302, 48.8844784417736]}";48,88447844;2,354148602
277;CENTRE D'ANIMATION JEAN MATHIS;15, RUE MATHIS;PARIS_WIFI_1909;75019;"{""type"": ""Point"", ""coordinates"": [2.374863651223711, 48.89078386168302]}";48,89078386;2,374863651
282;PARC DE LA BUTTE DU CHAPEAU ROUGE;5, RUE ALPHONSE AULARD;PARIS_WIFI_1914;75019;"{""type"": ""Point"", ""coordinates"": [2.398788246101779, 48.881176399524136]}";48,8811764;2,398788246
301;JARDIN GARE DE CHARONNE;59, BOULEVARD DAVOUT;PARIS_WIFI_2011;75020;"{""type"": ""Point"", ""coordinates"": [2.410299369202864, 48.85214207219321]}";48,85214207;2,410299369
306;MEDIATHEQUE MARGUERITE DURAS;109-115, RUE DE BAGNOLET;PARIS_WIFI_2016;75020;"{""type"": ""Point"", ""coordinates"": [2.403031985213694, 48.85992936546414]}";48,85992937;2,403031985
314;SQUARE EMMANUELLE FLEURY;RUE LE VAU;PARIS_WIFI_2024;75020;"{""type"": ""Point"", ""coordinates"": [2.411041830819678, 48.86997876954351]}";48,86997877;2,411041831
317;SQUARE SARAH BERHNARDT;RUE DE LAGNY;PARIS_WIFI_2027;75020;"{""type"": ""Point"", ""coordinates"": [2.4047188382428, 48.84923934025196]}";48,84923934;2,404718838
319;CENTRE D'ANIMATION KEN SARO WIWA;63 rue Buzenval;PARIS_WIFI_2029;75020;"{""type"": ""Point"", ""coordinates"": [2.400739471029014, 48.85280371655742]}";48,85280372;2,400739471
1;BIBLIOTHEQUE FRANCOIS TRUFFAUT;FORUM DES HALLES;PARIS_WIFI_0101;75001;"{""type"": ""Point"", ""coordinates"": [2.346259579532, 48.86197500106993]}";48,861975;2,34625958
4;DISCOTHEQUE DES HALLES;8, PORTE SAINT EUSTACHE;PARIS_WIFI_0104;75001;"{""type"": ""Point"", ""coordinates"": [2.346643382040771, 48.862272857254126]}";48,86227286;2,346643382
12;MAISON INITIATIVES ETUDIANTES;50, RUE DES TOURNELLES;PARIS-WIFI_0304;75003;"{""type"": ""Point"", ""coordinates"": [2.367336478361704, 48.85621907442342]}";48,85621907;2,367336478
17;ATELIER DE RESTAURATION PHOTOGRAPHIQUE  (ARCP);10, RUE DE FOURCY;PARIS_WIFI_0401;75004;"{""type"": ""Point"", ""coordinates"": [2.359633127609575, 48.854840365728535]}";48,85484037;2,359633128
21;ESPACE DES BLANCS MANTEAUX;48, RUE VEILLE DU TEMPLE;PARIS_WIFI_0407;75004;"{""type"": ""Point"", ""coordinates"": [2.358373677563368, 48.85825856292208]}";48,85825856;2,358373678
24;HOTEL DE VILLE (1ER ETAGE);4, PLACE DE L'HOTEL DE VILLE;PARIS_WIFI_0410;75004;"{""type"": ""Point"", ""coordinates"": [2.35219155353054, 48.85665066487209]}";48,85665066;2,352191554
25;HOTEL DE VILLE (3E ETAGE);4, PLACE DE L'HOTEL DE VILLE;PARIS_WIFI_0411;75004;"{""type"": ""Point"", ""coordinates"": [2.352542221340693, 48.855927850116515]}";48,85592785;2,352542221
26;HOTEL DE VILLE (4E ETAGE);4, PLACE DE L'HOTEL DE VILLE;PARIS_WIFI_0412;75004;"{""type"": ""Point"", ""coordinates"": [2.352574324547439, 48.856290379742596]}";48,85629038;2,352574325
33;PARVIS DE L'HOTEL DE VILLE (SEINE);4, PLACE DE L'HOTEL DE VILLE;PARIS_WIFI_0419;75004;"{""type"": ""Point"", ""coordinates"": [2.351943484420188, 48.8564668226057]}";48,85646682;2,351943484
38;SQUARE DE LA TOUR SAINT JACQUES;88, RUE DE RIVOLI;PARIS_WIFI_0424;75004;"{""type"": ""Point"", ""coordinates"": [2.349269982359865, 48.857798215002816]}";48,85779822;2,349269982
40;SQUARE SAINT MEDARD;32 RUE CENSIER;PARIS_WIFI_0513;75005;"{""type"": ""Point"", ""coordinates"": [2.350530078011329, 48.839761189862855]}";48,83976119;2,350530078
55;MAISON DES ASSOCIATIONS DU 06;60, RUE SAINT ANDRE DES ARTS;PARIS_WIFI_0603;75006;"{""type"": ""Point"", ""coordinates"": [2.339607451618665, 48.8535493008513]}";48,8535493;2,339607452
58;BIBLIOTHEQUE AMELIE;164, RUE DE GRENELLE;PARIS_WIFI_0701;75007;"{""type"": ""Point"", ""coordinates"": [2.308971578280275, 48.858065797174355]}";48,8580658;2,308971578
59;BIBLIOTHEQUE SAINT SIMON (MAIRIE DU 7E);116, RUE DE GRENELLE;PARIS_WIFI_0702;75007;"{""type"": ""Point"", ""coordinates"": [2.319813150100944, 48.85690521733102]}";48,85690522;2,31981315
72;JARDIN DE LA VALLEE SUISSE (ex PROMENADE DES CHAMPS ELYSEES (ASS));PLACE DU CANADA;PARIS_WIFI_0804;75008;"{""type"": ""Point"", ""coordinates"": [2.310688284156154, 48.865042875434945]}";48,86504288;2,310688284
87;SQUARE D'ANVERS;PLACE D'ANVERS;PARIS_WIFI_0907;75009;"{""type"": ""Point"", ""coordinates"": [2.344263022692337, 48.88238572254084]}";48,88238572;2,344263023
89;SQUARE TRINITE D ESTIENNE D ORVES;RUE BLANCHE;PARIS_WIFI_0909;75009;"{""type"": ""Point"", ""coordinates"": [2.33125629333176, 48.87679312861409]}";48,87679313;2,331256293
92;BIBLIOTHEQUE FRANCOIS VILLON;81, BOULEVARD DE LA VILLETTE;PARIS_WIFI_1002;75010;"{""type"": ""Point"", ""coordinates"": [2.370769407435742, 48.87724562731623]}";48,87724563;2,370769407
94;BOURSE DU TRAVAIL;3, RUE DU CHATEAU D'EAU;PARIS_WIFI_1004;75010;"{""type"": ""Point"", ""coordinates"": [2.36207728770262, 48.869038508309224]}";48,86903851;2,362077288
95;CENTRE D'ANIMATION ESPACE JEMMAPES;116, QUAI DE JEMMAPES;PARIS_WIFI_1005;75010;"{""type"": ""Point"", ""coordinates"": [2.363910673190261, 48.87504226943705]}";48,87504227;2,363910673
100;SQUARE ALBAN SATRAGNE;107, RUE DU FAUBOURG SAINT DENIS;PARIS_WIFI_1010;75010;"{""type"": ""Point"", ""coordinates"": [2.354990281070108, 48.875648295783265]}";48,8756483;2,354990281
102;SQUARE JULIETTE DODU;ANGLE RUE JULIETTE DODU;PARIS_WIFI_1012;75010;"{""type"": ""Point"", ""coordinates"": [2.369178183912484, 48.87557333035163]}";48,87557333;2,369178184
105;MEDIATHEQUE FRANCOISE SAGAN;8 RUE LEON SCHWARTZENBERG;PARIS_WIFI_1015;75010;"{""type"": ""Point"", ""coordinates"": [2.353834246182005, 48.87551395988317]}";48,87551396;2,353834246
108;BIBLIOTHEQUE FAIDHERBE;18, RUE FAIDHERBE;PARIS_WIFI_1102;75011;"{""type"": ""Point"", ""coordinates"": [2.383941226524652, 48.85159299158984]}";48,85159299;2,383941227
109;BIBLIOTHEQUE PARMENTIER;20, AVENUE PARMENTIER;PARIS_WIFI_1103;75011;"{""type"": ""Point"", ""coordinates"": [2.378966512859756, 48.860157858814006]}";48,86015786;2,378966513
111;JARDIN CITE PROST;17 RUE TITON;PARIS_WIFI_1105;75011;"{""type"": ""Point"", ""coordinates"": [2.385418337555292, 48.852155145386845]}";48,85215515;2,385418338
120;SQUARE JEAN AICARD;AVENUE JEAN AICARD;PARIS_WIFI_1114;75011;"{""type"": ""Point"", ""coordinates"": [2.380856400742501, 48.865823692965655]}";48,86582369;2,380856401
121;SQUARE LA PETITE ROQUETTE;4, RUE SERVAN;PARIS_WIFI_1115;75011;"{""type"": ""Point"", ""coordinates"": [2.38435591403956, 48.85912813911415]}";48,85912814;2,384355914
126;BIBLIOTHEQUE HELENE BERR - PICPUS 2;70, RUE DE PICPUS;PARIS_WIFI_1204;75012;"{""type"": ""Point"", ""coordinates"": [2.397539341572351, 48.84253907970061]}";48,84253908;2,397539342
129;CENTRE D'ANIMATION REUILLY;19, RUE HENARD;PARIS_WIFI_1208;75012;"{""type"": ""Point"", ""coordinates"": [2.389561870828768, 48.842449589982266]}";48,84244959;2,389561871
133;JARDIN ARSENAL;20, BOULEVARD DE LA BASTILLE;PARIS_WIFI_1212;75012;"{""type"": ""Point"", ""coordinates"": [2.36758641239213, 48.84891524878433]}";48,84891525;2,367586412
135;JARDIN CITE DEBERGUE;34, RUE DU RENDEZ VOUS;PARIS_WIFI_1214;75012;"{""type"": ""Point"", ""coordinates"": [2.404013531274078, 48.84657751256127]}";48,84657751;2,404013531
138;PARC DE BERCY (MAISON DU LAC);1, COUR CHAMONARD;PARIS_WIFI_1217;75012;"{""type"": ""Point"", ""coordinates"": [2.384846857533117, 48.83361412787135]}";48,83361413;2,384846858
142;PROMENADE PLANTEE;ALLEE VIVALDI;PARIS_WIFI_1221;75012;"{""type"": ""Point"", ""coordinates"": [2.395432506646558, 48.841248237449506]}";48,84124824;2,395432507
144;SQUARE CHARLES PEGUY;RUE ROTTEMBOURG;PARIS_WIFI_1223;75012;"{""type"": ""Point"", ""coordinates"": [2.406748751661989, 48.838741649276535]}";48,83874165;2,406748752
145;SQUARE SAINT ELOI;15, RUE SAINTE CLAIRE DEVILLE;PARIS_WIFI_1224;75012;"{""type"": ""Point"", ""coordinates"": [2.387108667209415, 48.84419225130575]}";48,84419225;2,387108667
159;JARDIN MOULIN DE LA POINTE;68, RUE DU MOULIN DE LA POINTE;PARIS_WIFI_1312;75013;"{""type"": ""Point"", ""coordinates"": [2.356734021103358, 48.82106084744979]}";48,82106085;2,356734021
176;SQUARE HENRI CADIOU;69, BOULEVARD ARAGO;PARIS_WIFI_1329;75013;"{""type"": ""Point"", ""coordinates"": [2.342434440920686, 48.83444345888076]}";48,83444346;2,342434441
178;SQUARE RENE LEGALL;43, RUE CORVISART;PARIS_WIFI_1331;75013;"{""type"": ""Point"", ""coordinates"": [2.348581529946448, 48.83164761741486]}";48,83164762;2,34858153
181;BIBLIOTHEQUE GEORGES BRASSENS;38, RUE GASSENDI;PARIS_WIFI_1401;75014;"{""type"": ""Point"", ""coordinates"": [2.325837664822957, 48.83376370043508]}";48,8337637;2,325837665
185;ESPACE ECONOMIE EMPLOI DU 14;13, RUE REMY DUMONCEL;PARIS_WIFI_1405;75014;"{""type"": ""Point"", ""coordinates"": [2.332542048099356, 48.8296812421623]}";48,82968124;2,332542048
193;PARC MONTSOURIS;2, RUE GAZAN;PARIS_WIFI_1413;75014;"{""type"": ""Point"", ""coordinates"": [2.339756210702759, 48.82396268559188]}";48,82396269;2,339756211
195;SQUARE CLAUDE NICOLAS LEDOUX;2, PLACE DENFERT ROCHEREAU;PARIS_WIFI_1415;75014;"{""type"": ""Point"", ""coordinates"": [2.331338819454327, 48.83431393479334]}";48,83431393;2,331338819
198;SQUARE JULIA BARTET;RUE JULIA BARTET;PARIS_WIFI_1418;75014;"{""type"": ""Point"", ""coordinates"": [2.303706409546912, 48.826321614966545]}";48,82632162;2,30370641
199;SQUARE SERMENT DE KOUFRA;30, AVENUE ERNEST REYER;PARIS_WIFI_1419;75014;"{""type"": ""Point"", ""coordinates"": [2.323442446123374, 48.82212873729243]}";48,82212874;2,323442446
200;BIBLIOTHEQUE ANDREE CHEDID - EX : BEAUGRENELLE;36, RUE EMERIAU;PARIS_WIFI_1501;75015;"{""type"": ""Point"", ""coordinates"": [2.286556960328885, 48.850217433198644]}";48,85021743;2,28655696
201;BIBLIOTHEQUE GUTENBERG;8, RUE DE LA MONTAGNE D'AULAS;PARIS_WIFI_1502;75015;"{""type"": ""Point"", ""coordinates"": [2.27868848309999, 48.84020442238606]}";48,84020442;2,278688483
203;BIBLIOTHEQUE YOURCENAR;41, RUE D ALLERAY;PARIS_WIFI_1504;75015;"{""type"": ""Point"", ""coordinates"": [2.303639471681494, 48.83696055909148]}";48,83696056;2,303639472
204;BIBLIOTHEQUE YOURCENAR;41, RUE D ALLERAY;PARIS_WIFI_1505;75015;"{""type"": ""Point"", ""coordinates"": [2.303510691732446, 48.836860495273]}";48,8368605;2,303510692
215;MUSEE MEMORIAL MARECHAL LECLERC;23, ALLEE DE LA DEUXIEME DIVISION BLINDEE;PARIS_WIFI_1516;75015;"{""type"": ""Point"", ""coordinates"": [2.319973246174122, 48.84049584440984]}";48,84049584;2,319973246
221;SQUARE CLOS FEUQUIERES;RUE DU CLOS FEUQUIERES;PARIS_WIFI_1523;75015;"{""type"": ""Point"", ""coordinates"": [2.290792876407069, 48.837064809647956]}";48,83706481;2,290792876
228;JARDIN DU TROCADERO;1, PLACE DU ONZE NOVEMBRE 1918;PARIS_WIFI_1604;75016;"{""type"": ""Point"", ""coordinates"": [2.289081201954822, 48.86267378751548]}";48,86267379;2,289081202
229;JARDIN DU TROCADERO;1, PLACE DU ONZE NOVEMBRE 1918;PARIS_WIFI_1605;75016;"{""type"": ""Point"", ""coordinates"": [2.287806938182505, 48.86180691090268]}";48,86180691;2,287806938
234;MUSEE D'ART MODERNE;11, AVENUE DU PRESIDENT WILSON;PARIS_WIFI_1610;75016;"{""type"": ""Point"", ""coordinates"": [2.297536276142483, 48.86476175345826]}";48,86476175;2,297536276
237;STADE COUBERTIN;82, RUE GEORGES LAFFONT;PARIS_WIFI_1614;75016;"{""type"": ""Point"", ""coordinates"": [2.255742987869287, 48.835495687789106]}";48,83549569;2,255742988
239;Stade Jean Bouin;28, AVENUE DU GENERAL SARRAIL;PARIS_WIFI_1616;75016;"{""type"": ""Point"", ""coordinates"": [2.252745774274091, 48.843556721711764]}";48,84355672;2,252745774
249;SQUARE DE LA VILLA ST-CROIX;32, RUE DE LA JONQUIERE;PARIS_WIFI_1710;75017;"{""type"": ""Point"", ""coordinates"": [2.324513089749357, 48.89408225823804]}";48,89408226;2,32451309
250;SQUARE DES BATIGNOLLES;PLACE CHARLES FILLION;PARIS_WIFI_1711;75017;"{""type"": ""Point"", ""coordinates"": [2.315830796407065, 48.88818436524355]}";48,88818437;2,315830796
251;SQUARE ANDRE ULMANN;17, BOULEVARD DE REIMS;PARIS_WIFI_1712;75017;"{""type"": ""Point"", ""coordinates"": [2.297786361864273, 48.8890312183032]}";48,88903122;2,297786362
260;MAIRIE  18;1, PLACE JULES JOFFRIN;PARIS_WIFI_1807;75018;"{""type"": ""Point"", ""coordinates"": [2.344626869280762, 48.89237285497451]}";48,89237286;2,344626869
262;MAISON DES ASSOCIATIONS DU 18;15, PASSAGE RAMEY;PARIS_WIFI_1809;75018;"{""type"": ""Point"", ""coordinates"": [2.347316754163082, 48.89006615700377]}";48,89006616;2,347316754
265;SQUARE LEON SERPOLLET;25, RUE DES CLOYS;PARIS_WIFI_1812;75018;"{""type"": ""Point"", ""coordinates"": [2.33913501753229, 48.89259525004576]}";48,89259525;2,339135018
266;SQUARE SAINTE-HELENE;41, RUE LETORT;PARIS_WIFI_1813;75018;"{""type"": ""Point"", ""coordinates"": [2.34276317400267, 48.8961473895306]}";48,89614739;2,342763174
269;ARCHIVES DE PARIS;18, BOULEVARD SERURIER;PARIS_WIFI_1901;75019;"{""type"": ""Point"", ""coordinates"": [2.406576762617432, 48.8789311190917]}";48,87893112;2,406576763
271;BIBLIOTHEQUE CRIMEE;42, RUE PETIT;PARIS_WIFI_1903;75019;"{""type"": ""Point"", ""coordinates"": [2.383101972068848, 48.88490083896982]}";48,88490084;2,383101972
291;ANTENNE JEUNE DAVOUT;94, BOULEVARD DAVOUT;PARIS_WIFI_2001;75020;"{""type"": ""Point"", ""coordinates"": [2.410252984820552, 48.85687129539025]}";48,8568713;2,410252985
292;BIBLIOTHEQUE COURONNES;66, RUE DES COURONNES;PARIS_WIFI_2002;75020;"{""type"": ""Point"", ""coordinates"": [2.385241863327687, 48.8701360019595]}";48,870136;2,385241863
293;BIBLIOTHEQUE LOUISE MICHEL;29, RUE DES HAIES;PARIS_WIFI_2003;75020;"{""type"": ""Point"", ""coordinates"": [2.401148596757769, 48.85324507111678]}";48,85324507;2,401148597
298;CENTRE SPORTIF LOUIS LUMIERE;30, RUE LOUIS LUMIERE;PARIS_WIFI_2008;75020;"{""type"": ""Point"", ""coordinates"": [2.411758307691723, 48.85906754348932]}";48,85906754;2,411758308
299;JARDIN ZAC REUNION;20, RUE DES HAIES;PARIS_WIFI_2009;75020;"{""type"": ""Point"", ""coordinates"": [2.401418776397979, 48.85445160460211]}";48,8544516;2,401418776
304;MAISON DES ASSOCIATIONS DU 20;1, RUE FREDERICK LEMAITRE;PARIS_WIFI_2014;75020;"{""type"": ""Point"", ""coordinates"": [2.391003412086226, 48.87349262672056]}";48,87349263;2,391003412
305;MAISON DU DEVELOPPEMENT ECONOMIQUE DU 20;31, RUE DE PIXERECOURT;PARIS_WIFI_2015;75020;"{""type"": ""Point"", ""coordinates"": [2.395749177773914, 48.87197504840814]}";48,87197505;2,395749178
309;PARC DE BELLEVILLE (PARIS NATURE MAISON DE L'AIR);27, RUE PIAT;PARIS_WIFI_2019;75020;"{""type"": ""Point"", ""coordinates"": [2.384932935587465, 48.87171808810535]}";48,87171809;2,384932936
320;CENTRE D'ANIMATION WANGARI MAATHAI;13-15 rue Mouraud;PARIS_WIFI_2030;75020;"{""type"": ""Point"", ""coordinates"": [2.4075482907460692, 48.85516783593179]}";48,85516784;2,407548291
321;BIBLIOTHEQUE CHARLOTTE DELBO;2, PASSAGE DES PETITS PERES;PARIS_WIFI_0201;75002;"{""type"": ""Point"", ""coordinates"": [2.340485678183343, 48.86645674249703]}";48,86645674;2,340485678
322;MAISON DES ASSOCIATIONS DU 11;8, RUE DU GENERAL RENAULT;PARIS_WIFI_1109;75011;"{""type"": ""Point"", ""coordinates"": [2.378483628861401, 48.86126329151107]}";48,86126329;2,378483629
5;MAISON DES ASSOCIATIONS DU 01;5BIS, RUE DU LOUVRE;PARIS_WIFI_0106;75001;"{""type"": ""Point"", ""coordinates"": [2.34119859232508, 48.86192912670549]}";48,86192913;2,341198592
6;JARDIN NELSON MANDELA;32 RUE BERGER;PARIS_WIFI_0107;75001;"{""type"": ""Point"", ""coordinates"": [2.344519827666296, 48.862518260508615]}";48,86251826;2,344519828
7;MAIRIE  02;8, RUE DE LA BANQUE;PARIS_WIFI_0202;75002;"{""type"": ""Point"", ""coordinates"": [2.340426614688592, 48.866879152818136]}";48,86687915;2,340426615
8;MAISON DES ASSOCIATIONS DU 02;23, RUE GRENETA;PARIS_WIFI_0203;75002;"{""type"": ""Point"", ""coordinates"": [2.350473783254162, 48.86510264448043]}";48,86510264;2,350473783
9;BIBLIOTHEQUE MARGUERITE AUDOUX (ex PORTEFOIN);8-12, RUE PORTEFOIN;PARIS-WIFI_0301;75003;"{""type"": ""Point"", ""coordinates"": [2.360069634850486, 48.86359835772685]}";48,86359836;2,360069635
18;BIBLIOTHEQUE ADMINISTRATIVE DE LA VILLE DE PARIS;5, RUE DE LOBAU;PARIS_WIFI_0402;75004;"{""type"": ""Point"", ""coordinates"": [2.352941594465364, 48.85631307205684]}";48,85631307;2,352941594
19;BIBLIOTHEQUE FORNEY;1, RUE DU FIGUIER;PARIS_WIFI_0403;75004;"{""type"": ""Point"", ""coordinates"": [2.359119835239923, 48.8534259399815]}";48,85342594;2,359119835
22;HOTEL D ALBRET;31, RUE DES FRANCS BOURGEOIS;PARIS_WIFI_0408;75004;"{""type"": ""Point"", ""coordinates"": [2.360889308711994, 48.857544855951176]}";48,85754486;2,360889309
28;MAIRIE  04 - BIBLIOTHEQUE ARTHUR RIMBAUD (ex BIBLIOTHEQUE BAUDOYER);2, PLACE BAUDOYER;PARIS_WIFI_0414;75004;"{""type"": ""Point"", ""coordinates"": [2.355629406251058, 48.85619041056645]}";48,85619041;2,355629406
36;SQUARE JEAN XXIII;RUE DU CLOITRE NOTRE DAME;PARIS_WIFI_0422;75004;"{""type"": ""Point"", ""coordinates"": [2.350833777478047, 48.8523605921778]}";48,85236059;2,350833777
37;SQUARE LOUIS XIII;30 PLACE DES VOSGES;PARIS_WIFI_0423;75004;"{""type"": ""Point"", ""coordinates"": [2.36594749988874, 48.85603014922386]}";48,85603015;2,3659475
39;MAISON DES ACTEURS DU PARIS DURABLE;21, rue des Blancs Manteaux;PARIS_WIFI_0425;75004;"{""type"": ""Point"", ""coordinates"": [2.356873650564868, 48.859046787124726]}";48,85904679;2,356873651
42;BIBLIOTHEQUE BUFFON;15 BIS, RUE BUFFON;PARIS_WIFI_0501;75005;"{""type"": ""Point"", ""coordinates"": [2.361800025024077, 48.842608073414226]}";48,84260807;2,361800025
43;BIBLIOTHEQUE DES LITTERATURES POLICIERES  (Bilipo);48, RUE DU CARDINAL LEMOINE;PARIS_WIFI_0502;75005;"{""type"": ""Point"", ""coordinates"": [2.351077958491997, 48.84636502499582]}";48,84636503;2,351077958
54;MAIRIE  06;78, RUE BONAPARTE;PARIS_WIFI_0602;75006;"{""type"": ""Point"", ""coordinates"": [2.3325929145874262, 48.850533617954646]}";48,85053362;2,332592915
60;ESPLANADE DES INVALIDES;1, RUE PAUL;PARIS_WIFI_0703;75007;"{""type"": ""Point"", ""coordinates"": [2.312697844053019, 48.861965200896165]}";48,8619652;2,312697844
61;JARDIN CATHERINE LABOURE;33, RUE DE BABYLONE;PARIS_WIFI_0704;75007;"{""type"": ""Point"", ""coordinates"": [2.320492504116278, 48.851424209485884]}";48,85142421;2,320492504
62;MAIRIE  07;116, RUE DE GRENELLE;PARIS_WIFI_0705;75007;"{""type"": ""Point"", ""coordinates"": [2.320221611856914, 48.85678938488591]}";48,85678938;2,320221612
63;MAISON DES ASSOCIATIONS DU 07;93, RUE SAINT DOMINIQUE;PARIS_WIFI_0706;75007;"{""type"": ""Point"", ""coordinates"": [2.307208178424366, 48.859567099927375]}";48,8595671;2,307208178
64;PARC CHAMPS DE MARS;AVENUE CHARLES RISLER;PARIS_WIFI_0708;75007;"{""type"": ""Point"", ""coordinates"": [2.301453162629966, 48.854736894880475]}";48,85473689;2,301453163
66;BERGES DE SEINE - EMMARCHEMENT;PORT DE SOLFERINO;PARIS_WIFI_0709;75007;"{""type"": ""Point"", ""coordinates"": [2.325963449061597, 48.860915968606285]}";48,86091597;2,325963449
67;BERGES DE SEINE - JARDIN FLOTTANT;PORT DU GROS CAILLOU;PARIS_WIFI_0710;75007;"{""type"": ""Point"", ""coordinates"": [2.304718965011689, 48.86300228972848]}";48,86300229;2,304718965
78;PARC MONCEAU (ALLEE CONTESSE DE SEGUR);1, PLACE DE LA REPUBLIQUE DOMINICAINE;PARIS_WIFI_0810;75008;"{""type"": ""Point"", ""coordinates"": [2.308418322526788, 48.878946260533255]}";48,87894626;2,308418323
83;BIBLIOTHEQUE DROUOT;11, RUE DROUOT;PARIS_WIFI_0903;75009;"{""type"": ""Point"", ""coordinates"": [2.340514975741073, 48.8733770558553]}";48,87337706;2,340514976
96;JARDIN VILLEMIN;8, RUE DES RECOLLETS;PARIS_WIFI_1006;75010;"{""type"": ""Point"", ""coordinates"": [2.361110738370405, 48.874977900482406]}";48,8749779;2,361110738
106;MEDIATHEQUE FRANCOISE SAGAN;9 RUE LEON SCHWARTZENBERG;PARIS_WIFI_1016;75010;"{""type"": ""Point"", ""coordinates"": [2.353843468889871, 48.87572195942991]}";48,87572196;2,353843469
114;MAIRIE  11;PLACE LEON BLUM;PARIS_WIFI_1108;75011;"{""type"": ""Point"", ""coordinates"": [2.379502030844333, 48.85849832967313]}";48,85849833;2,379502031
119;SQUARE DES JARDINIERS;2 PASSAGE DUMAS;PARIS_WIFI_1113;75011;"{""type"": ""Point"", ""coordinates"": [2.390500108366737, 48.85206467454994]}";48,85206467;2,390500108
125;BIBLIOTHEQUE DIDEROT;42, RUE DAUMESNIL;PARIS_WIFI_1203;75012;"{""type"": ""Point"", ""coordinates"": [2.377783970787097, 48.845988752881794]}";48,84598875;2,377783971
128;CENTRE D'ANIMATION MONTGALLET;4, PASSAGE STINVILLE;PARIS_WIFI_1207;75012;"{""type"": ""Point"", ""coordinates"": [2.388513791530703, 48.844133856906225]}";48,84413386;2,388513792
131;DSTI;227, RUE DE BERCY;PARIS_WIFI_1210;75012;"{""type"": ""Point"", ""coordinates"": [2.369706538376077, 48.846518632885044]}";48,84651863;2,369706538
143;SOLARIUM ROGER LE GALL;34, BOULEVARD CARNOT;PARIS_WIFI_1222;75012;"{""type"": ""Point"", ""coordinates"": [2.412626140034946, 48.841897257939785]}";48,84189726;2,41262614
157;JARDIN CYPRIAN NORWID;36, RUE DU CHEVALERET;PARIS_WIFI_1310;75013;"{""type"": ""Point"", ""coordinates"": [2.377507488652305, 48.82811480174004]}";48,8281148;2,377507489
165;MAISON DES INITIATIVES ETUDIANTES;15, RUE JEAN ANTOINE DE BAIF;PARIS_WIFI_1318;75013;"{""type"": ""Point"", ""coordinates"": [2.383717640979977, 48.826817068216286]}";48,82681707;2,383717641
177;SQUARE JEAN CLAUDE NICOLAS FORESTIER;79,  BOULEVARD KELLERMANN;PARIS_WIFI_1330;75013;"{""type"": ""Point"", ""coordinates"": [2.34789219570924, 48.81939102834572]}";48,81939103;2,347892196
182;BIBLIOTHEQUE PLAISANCE (AIME CESAIRE);3, RUE DE RIDDER;PARIS_WIFI_1402;75014;"{""type"": ""Point"", ""coordinates"": [2.311805203203821, 48.83118822580484]}";48,83118823;2,311805203
183;BIBLIOTHEQUE VANDAMME;80, AVENUE DU MAINE;PARIS_WIFI_1403;75014;"{""type"": ""Point"", ""coordinates"": [2.321827372741553, 48.83899034217277]}";48,83899034;2,321827373
186;INSTITUT DU JUDO;21, AVENUE DE LA PORTE DE CHÌÄ‰Û_TILLON;PARIS_WIFI_1406;75014;"{""type"": ""Point"", ""coordinates"": [2.315835549874303, 48.82290813052457]}";48,82290813;2,31583555
211;MAIRIE  15;31, RUE PECLET;PARIS_WIFI_1512;75015;"{""type"": ""Point"", ""coordinates"": [2.299958836832293, 48.84128224045719]}";48,84128224;2,299958837
212;MAISON COMMUNALE;69, RUE VIOLET;PARIS_WIFI_1513;75015;"{""type"": ""Point"", ""coordinates"": [2.291406563774308, 48.84560767174906]}";48,84560767;2,291406564
213;MAISON DES ASSOCIATIONS DU 15;26, RUE DE LA SAIDA;PARIS_WIFI_1514;75015;"{""type"": ""Point"", ""coordinates"": [2.296177830611113, 48.831666957341604]}";48,83166696;2,296177831
220;SQUARE RUE BLOMET;RUE BLOMET;PARIS_WIFI_1522;75015;"{""type"": ""Point"", ""coordinates"": [2.3052349704244772, 48.84221650113775]}";48,8422165;2,30523497
225;BIBLIOTHEQUE MUSSET;20, RUE DE MUSSET;PARIS_WIFI_1601;75016;"{""type"": ""Point"", ""coordinates"": [2.263521881324014, 48.84207898886967]}";48,84207899;2,263521881
226;BIBLIOTHEQUE GERMAINE TILLION (EX : TROCADERO);2, RUE DU COMMANDANT SCHLOESING;PARIS_WIFI_1602;75016;"{""type"": ""Point"", ""coordinates"": [2.2849706536615, 48.86188876252404]}";48,86188876;2,284970654
236;SQUARE ALEXANDRE ET RENE PARODI;BOULEVARD THIERRY DE MARTEL;PARIS_WIFI_1612;75016;"{""type"": ""Point"", ""coordinates"": [2.280897195044373, 48.87636534204044]}";48,87636534;2,280897195
240;BIBLIOTHEQUE BATIGNOLLES;18, RUE DES BATIGNOLLES;PARIS_WIFI_1701;75017;"{""type"": ""Point"", ""coordinates"": [2.322075223837728, 48.88433774966841]}";48,88433775;2,322075224
243;CENTRE CULTUREL LA JONQUIERE;88, RUE LA JONQUIERE;PARIS_WIFI_1704;75017;"{""type"": ""Point"", ""coordinates"": [2.319061529225863, 48.89474446504488]}";48,89474447;2,319061529
254;BIBLIOTHEQUE ROBERT SABATIER (EX : CLIGNANCOURT);29, RUE HERMEL;PARIS_WIFI_1801;75018;"{""type"": ""Point"", ""coordinates"": [2.344473448994981, 48.891624970944925]}";48,89162497;2,344473449
261;MAISON DE L'EMPLOI DU 18;164, RUE ORDENER;PARIS_WIFI_1808;75018;"{""type"": ""Point"", ""coordinates"": [2.335507337275557, 48.893829676215425]}";48,89382968;2,335507337
267;SQUARE SUZANNE BUISSON;7, RUE GIRARDON;PARIS_WIFI_1814;75018;"{""type"": ""Point"", ""coordinates"": [2.337638952189561, 48.88814405777454]}";48,88814406;2,337638952
279;MAISON DES ASSOCIATIONS DU 19;20, RUE EDOUARD PAILLERON;PARIS_WIFI_1911;75019;"{""type"": ""Point"", ""coordinates"": [2.376550239452313, 48.88043581313899]}";48,88043581;2,376550239
289;SQUARE DE LA MARSEILLAISE;1 BIS, RUE DE LA MARSEILLAISE;PARIS_WIFI_1921;75019;"{""type"": ""Point"", ""coordinates"": [2.397322959410145, 48.88795230388303]}";48,8879523;2,397322959
290;SQUARE MARCEL MOULOUDJI (ANCIEN LOIRE JAURES);2, RUE PIERRE REVERDY;PARIS_WIFI_1922;75019;"{""type"": ""Point"", ""coordinates"": [2.377259357734391, 48.885626564158684]}";48,88562656;2,377259358
296;CARRE BAUDOUIN;121, RUE DE MESNILMONTANT;PARIS_WIFI_2006;75020;"{""type"": ""Point"", ""coordinates"": [2.394114442701314, 48.86994544070374]}";48,86994544;2,394114443
297;CENTRE D'ANIMATION LOUIS LUMIERE;46, RUE LOUIS LUMIERE;PARIS_WIFI_2007;75020;"{""type"": ""Point"", ""coordinates"": [2.411524682091793, 48.860402544750485]}";48,86040254;2,411524682
302;JARDIN HOSPICE DEBROUSSE;148, RUE DE BAGNOLET;PARIS_WIFI_2012;75020;"{""type"": ""Point"", ""coordinates"": [2.406867312142673, 48.861952580250154]}";48,86195258;2,406867312
308;PARC DE BELLEVILLE;45, RUE DES COURONNES;PARIS_WIFI_2018;75020;"{""type"": ""Point"", ""coordinates"": [2.38483338502976, 48.870572219479115]}";48,87057222;2,384833385
311;SQUARE ANTOINE BLONDIN (ANCIEN VILLAGE CHARONNE);128, RUE DE BAGNOLET;PARIS_WIFI_2021;75020;"{""type"": ""Point"", ""coordinates"": [2.405157698829653, 48.86050901376866]}";48,86050901;2,405157699
318;MEDIATHEQUE MARGUERITE DURAS;109-115, RUE DE BAGNOLET;PARIS_WIFI_2028;75020;"{""type"": ""Point"", ""coordinates"": [2.4027688850440763, 48.86016962096488]}";48,86016962;2,402768885
16;SQUARE LEOPOLD ACHILLE;13-13 BIS, RUE PAYENNE;PARIS-WIFI_0308;75003;"{""type"": ""Point"", ""coordinates"": [2.363457811608563, 48.85818833451022]}";48,85818833;2,363457812
31;PARVIS DE L'HOTEL DE VILLE (9, PLACE);9, PLACE DE L'HOTEL DE VILLE;PARIS_WIFI_0417;75004;"{""type"": ""Point"", ""coordinates"": [2.351203352003823, 48.857254117659956]}";48,85725412;2,351203352
32;PARVIS DE L'HOTEL DE VILLE (RIVOLI);4, PLACE DE L'HOTEL DE VILLE;PARIS_WIFI_0418;75004;"{""type"": ""Point"", ""coordinates"": [2.352019063090312, 48.85660412214855]}";48,85660412;2,352019063
44;BIBLIOTHEQUE HEURE JOYEUSE;6, RUE DES PRETRES SAINT SEVERIN;PARIS_WIFI_0503;75005;"{""type"": ""Point"", ""coordinates"": [2.345054202701727, 48.85197532521217]}";48,85197533;2,345054203
53;BIBLIOTHEQUE ANDRE MALRAUX;78, BOULEVARD RASPAIL;PARIS_WIFI_0601;75006;"{""type"": ""Point"", ""coordinates"": [2.327575936583555, 48.84810679194541]}";48,84810679;2,327575937
56;SQUARE FELIX DESRUELLES;168 BIS, BOULEVARD SAINT GERMAIN;PARIS_WIFI_0604;75006;"{""type"": ""Point"", ""coordinates"": [2.334235919977835, 48.85384301217657]}";48,85384301;2,33423592
68;BERGES DE SEINE - LA HALLE;PORT DE SOLFERINO;PARIS_WIFI_0711;75007;"{""type"": ""Point"", ""coordinates"": [2.322439591275651, 48.86181715110975]}";48,86181715;2,322439591
74;MAISON DES ASSOCIATIONS DU 08;28, RUE LAURE DIEBOLD;PARIS_WIFI_0806;75008;"{""type"": ""Point"", ""coordinates"": [2.304766461525645, 48.87602610152018]}";48,8760261;2,304766462
76;MUSEE DU PETIT PALAIS;1, AVENUE DUTUIT;PARIS_WIFI_0808;75008;"{""type"": ""Point"", ""coordinates"": [2.31432866167242, 48.86605926215696]}";48,86605926;2,314328662
81;ANNEXE MAISON DES ASSOCIATIONS 09;35, RUE VICTOR MASSE;PARIS_WIFI_0901;75009;"{""type"": ""Point"", ""coordinates"": [2.337007922184782, 48.88098644146314]}";48,88098644;2,337007922
90;CENTRE D'ANIMATION TOUR DES DAMES;14-18 rue de la Tour des Dames;PARIS_WIFI_0910;75009;"{""type"": ""Point"", ""coordinates"": [2.332736233817834, 48.877789880618955]}";48,87778988;2,332736234
97;MAIRIE 10;72, RUE DU FAUBOURG SAINT MARTIN;PARIS_WIFI_1007;75010;"{""type"": ""Point"", ""coordinates"": [2.357415454809863, 48.871892037559824]}";48,87189204;2,357415455
99;MAISON DES ENTREPRISES ET DE L' EMPLOI;209, RUE LAFAYETTE;PARIS_WIFI_1009;75010;"{""type"": ""Point"", ""coordinates"": [2.364096894142902, 48.88128451599195]}";48,88128452;2,364096894
101;SQUARE AMADOU HAMPATE BA;17, RUE BOY ZELENSKI;PARIS_WIFI_1011;75010;"{""type"": ""Point"", ""coordinates"": [2.36828576609327, 48.87744891926938]}";48,87744892;2,368285766
110;JARDIN BATACLAN;102, BOULEVARD RICHARD LENOIR;PARIS_WIFI_1104;75011;"{""type"": ""Point"", ""coordinates"": [2.371639850895383, 48.86334175698711]}";48,86334176;2,371639851
112;JARDIN DAMIA (ex ZAC DORIAN);PASSAGE DU BUREAU;PARIS_WIFI_1106;75011;"{""type"": ""Point"", ""coordinates"": [2.394018259518071, 48.85485158143665]}";48,85485158;2,39401826
122;SQUARE ORILLON JULES VERNES;19 BIS, RUE DE L ORILLON;PARIS_WIFI_1117;75011;"{""type"": ""Point"", ""coordinates"": [2.375124831354122, 48.8700322353404]}";48,87003224;2,375124831
124;ALLEE VIVALDI;13, RUE HENARD;PARIS_WIFI_1202;75012;"{""type"": ""Point"", ""coordinates"": [2.389217499322704, 48.84203106458122]}";48,84203106;2,389217499
127;BIBLIOTHEQUE SAINT ELOI;23, RUE DU COLONEL ROZANOFF;PARIS_WIFI_1206;75012;"{""type"": ""Point"", ""coordinates"": [2.387092143247935, 48.845526632386246]}";48,84552663;2,387092143
130;CENTRE D'HEBERGEMENT MAURICE RAVEL;6, AVENUE MAURICE RAVEL;PARIS_WIFI_1209;75012;"{""type"": ""Point"", ""coordinates"": [2.411640693289274, 48.842308012927305]}";48,84230801;2,411640693
134;JARDIN DE REUILLY;1, RUE ALBINONI;PARIS_WIFI_1213;75012;"{""type"": ""Point"", ""coordinates"": [2.388252540397555, 48.84280305085213]}";48,84280305;2,38825254
137;MAISON DES ASSOCIATIONS DU 12;181, AVENUE DAUMESNIL;PARIS_WIFI_1216;75012;"{""type"": ""Point"", ""coordinates"": [2.392402361141131, 48.84049832012111]}";48,84049832;2,392402361
148;BIBLIOTHEQUE GLACIERE - MARINA TSVETAIEVA;132, RUE DE LA GLACIERE;PARIS_WIFI_1301;75013;"{""type"": ""Point"", ""coordinates"": [2.341975308347513, 48.82731527276159]}";48,82731527;2,341975308
155;Centre Sportif Georges Carpentier Tennis de Table;81, BOULEVARD MASSENA;PARIS_WIFI_1308;75013;"{""type"": ""Point"", ""coordinates"": [2.370222702547036, 48.82011148521751]}";48,82011149;2,370222703
156;JARDIN CHATEAU DES RENTIERS;RUE DU CHATEAU DES RENTIERS;PARIS_WIFI_1309;75013;"{""type"": ""Point"", ""coordinates"": [2.369430950410213, 48.825380639572195]}";48,82538064;2,36943095
160;JARDIN JAMES JOYCE;RUE GEORGES BALANCHINE;PARIS_WIFI_1313;75013;"{""type"": ""Point"", ""coordinates"": [2.373757241245584, 48.836277455826675]}";48,83627746;2,373757241
166;PARC DE CHOISY;160, AVENUE DE CHOISY;PARIS_WIFI_1319;75013;"{""type"": ""Point"", ""coordinates"": [2.360801875316846, 48.82744623607507]}";48,82744624;2,360801875
171;SQUARE PAUL GRIMAULT (ex FONTAINE A MULARD);20, RUE DE LA FONTAINE A MULARD;PARIS_WIFI_1324;75013;"{""type"": ""Point"", ""coordinates"": [2.348504762785495, 48.82302336850922]}";48,82302337;2,348504763
184;CONSEIL DE LA JEUNESSE;40, RUE DIDOT;PARIS_WIFI_1404;75014;"{""type"": ""Point"", ""coordinates"": [2.319845259970973, 48.83154279257775]}";48,83154279;2,31984526
190;MAISON DES ASSOCIATIONS DU 14;22, RUE DEPARCIEUX;PARIS_WIFI_1410;75014;"{""type"": ""Point"", ""coordinates"": [2.325803079604429, 48.8355887617045]}";48,83558876;2,32580308
197;SQUARE FERDINAND BRUNOT;PLACE FERDINAND BRUNOT;PARIS_WIFI_1417;75014;"{""type"": ""Point"", ""coordinates"": [2.326849147868431, 48.832315529214455]}";48,83231553;2,326849148
207;CENTRE SPORTIF SUZANNE LENGLEN (ENTREE);2, RUE LOUIS ARMAND;PARIS_WIFI_1508;75015;"{""type"": ""Point"", ""coordinates"": [2.275694495982871, 48.832479476457095]}";48,83247948;2,275694496
217;PARC GEORGES BRASSENS (ENTREE);2, PLACE JACQUES MARETTE;PARIS_WIFI_1519;75015;"{""type"": ""Point"", ""coordinates"": [2.299936510734156, 48.83162131473665]}";48,83162131;2,299936511
218;PARC GEORGES BRASSENS (ROTONDE);2, PLACE JACQUES MARETTE;PARIS_WIFI_1520;75015;"{""type"": ""Point"", ""coordinates"": [2.300202096786847, 48.83243922003396]}";48,83243922;2,300202097
219;SQUARE ALLERAY LABROUSTE;92, RUE D'ALLERAY;PARIS_WIFI_1521;75015;"{""type"": ""Point"", ""coordinates"": [2.308597392299752, 48.83587463782668]}";48,83587464;2,308597392
223;SQUARE SAINT LAMBERT;1, RUE THEOPHRASTE  RENAUDOT;PARIS_WIFI_1525;75015;"{""type"": ""Point"", ""coordinates"": [2.297709468637395, 48.84250170153144]}";48,8425017;2,297709469
231;MAIRIE  16;71, AVENUE HENRI MARTIN;PARIS_WIFI_1607;75016;"{""type"": ""Point"", ""coordinates"": [2.276602358325428, 48.863946774156496]}";48,86394677;2,276602358
241;BIBLIOTHEQUE BROCHANT (COLETTE VIVIER);6, RUE FOURNEYRON;PARIS_WIFI_1702;75017;"{""type"": ""Point"", ""coordinates"": [2.319571704772937, 48.88979601929147]}";48,88979602;2,319571705
245;MAIRIE  17;16-20, RUE DES BATIGNOLLES;PARIS_WIFI_1706;75017;"{""type"": ""Point"", ""coordinates"": [2.321815827318247, 48.884490686848444]}";48,88449069;2,321815827
246;MAISON DES ASSOCIATIONS DU 17;25, RUE LANTIEZ;PARIS_WIFI_1707;75017;"{""type"": ""Point"", ""coordinates"": [2.323732818292944, 48.89502756640517]}";48,89502757;2,323732818
248;SQUARE DES EPINETTES;RUE MARIA DERAISMES;PARIS_WIFI_1709;75017;"{""type"": ""Point"", ""coordinates"": [2.326895116534895, 48.894926850990906]}";48,89492685;2,326895117
256;BIBLIOTHEQUE MAURICE GENEVOIX;19, RUE TRISTAN TZARA;PARIS_WIFI_1803;75018;"{""type"": ""Point"", ""coordinates"": [2.363791953571427, 48.89498813043983]}";48,89498813;2,363791954
257;BIBLIOTHEQUE JACQUELINE DE ROMILLY;16, AVENUE DE LA PORTE DE MONTMARTRE (BINET);PARIS_WIFI_1804;75018;"{""type"": ""Point"", ""coordinates"": [2.336229991735109, 48.899772582083436]}";48,89977258;2,336229992
259;JARDIN D EOLE;18 BIS RUE DU DEPARTEMENT;PARIS_WIFI_1806;75018;"{""type"": ""Point"", ""coordinates"": [2.36616899920839, 48.88650552596441]}";48,88650553;2,366168999
264;SQUARE LEON;PASSAGE LEON;PARIS_WIFI_1811;75018;"{""type"": ""Point"", ""coordinates"": [2.35365438179993, 48.88633987941649]}";48,88633988;2,353654382
273;BIBLIOTHEQUE CLAUDE LEVIS STRAUSS (EX : FLANDRE);35, AVENUE DE FLANDRE;PARIS_WIFI_1905;75019;"{""type"": ""Point"", ""coordinates"": [2.371374493593859, 48.8866810859574]}";48,88668109;2,371374494
274;BIBLIOTHEQUE HERGE;2, RUE DU DEPARTEMENT;PARIS_WIFI_1906;75019;"{""type"": ""Point"", ""coordinates"": [2.3672161609921583, 48.885010846777334]}";48,88501085;2,367216161
275;BIBLIOTHEQUE PLACE DES FETES;18, RUE JANSSEN;PARIS_WIFI_1907;75019;"{""type"": ""Point"", ""coordinates"": [2.39731691086378, 48.879393003777956]}";48,879393;2,397316911
278;MAIRIE  19;5, PLACE ARMAND CARREL;PARIS_WIFI_1910;75019;"{""type"": ""Point"", ""coordinates"": [2.382045333421792, 48.882808776877035]}";48,88280878;2,382045333
283;PARC DES BUTTES CHAUMONT (VILLETTE);7, RUE BOTZARIS;PARIS_WIFI_1915;75019;"{""type"": ""Point"", ""coordinates"": [2.388431930028125, 48.87977403278306]}";48,87977403;2,38843193
286;PARC DES BUTTES CHAUMONT (FESSARD);3, RUE BOTZARIS;PARIS_WIFI_1918;75019;"{""type"": ""Point"", ""coordinates"": [2.380819513191617, 48.87788873526401]}";48,87788874;2,380819513
288;SQUARE CLAUDE BERNARD (ex JARDIN D AUBERVILLIERS);BOULEVARD MACDONALD;PARIS_WIFI_1920;75019;"{""type"": ""Point"", ""coordinates"": [2.374504111567543, 48.89925587796653]}";48,89925588;2,374504112
295;BIBLIOTHEQUE SORBIER;17, RUE SORBIER;PARIS_WIFI_2005;75020;"{""type"": ""Point"", ""coordinates"": [2.392808658076997, 48.86595354556543]}";48,86595355;2,392808658
300;JARDIN DES AMANDIERS;RUE DES CENDRIERS;PARIS_WIFI_2010;75020;"{""type"": ""Point"", ""coordinates"": [2.387800280277418, 48.86588685026362]}";48,86588685;2,38780028
307;PARC DE BELLEVILLE;45, RUE DES COURONNES;PARIS_WIFI_2017;75020;"{""type"": ""Point"", ""coordinates"": [2.384166035407032, 48.87126664697061]}";48,87126665;2,384166035
310;PISCINE GEORGES VALLEREY;148, AVENUE GAMBETTA;PARIS_WIFI_2020;75020;"{""type"": ""Point"", ""coordinates"": [2.406173234441528, 48.87537547558354]}";48,87537548;2,406173234